file,case,source_page,url,size,sha256,verification
delay_var_d10_j25_1h.pcap,02,https://www.activecountermeasures.com/malware-of-the-day-understanding-c2-beacons-part-2-of-2/,https://acm-motd.s3.amazonaws.com/delay_var_d10_j25_1h.pcap,7.5 MB,d01b6a4ca71cb1d70205c74d845e9fc7bf6e2aa5f0f2d7c670fad397f3901010,matches published SHA-256
delay_var_d10_j25_24h.pcap,02,https://www.activecountermeasures.com/malware-of-the-day-understanding-c2-beacons-part-2-of-2/,https://acm-motd.s3.amazonaws.com/delay_var_d10_j25_24h.pcap,367 MB,5684f4be2d04e129ac50cbd0f5bc377416ac516a933e3597a8062182baf3e88f,matches published SHA-256
delay_var_d300_j25_1h.pcap,02,https://www.activecountermeasures.com/malware-of-the-day-understanding-c2-beacons-part-2-of-2/,https://acm-motd.s3.amazonaws.com/delay_var_d300_j25_1h.pcap,4.6 MB,d07a9fdabdcd4e241e3ce685fae5b083c88d5604454e38bb7804c4f88ac98f4f,matches published SHA-256
delay_var_d300_j25_24h.pcap,02,https://www.activecountermeasures.com/malware-of-the-day-understanding-c2-beacons-part-2-of-2/,https://acm-motd.s3.amazonaws.com/delay_var_d300_j25_24h.pcap,4301.1 MB,7d5623298f283dd29a49e2adce4065a165867b8d86cc07cc65d635a91a49e653,matches published SHA-256
delay_var_d30_j25_1h.pcap,02,https://www.activecountermeasures.com/malware-of-the-day-understanding-c2-beacons-part-2-of-2/,https://acm-motd.s3.amazonaws.com/delay_var_d30_j25_1h.pcap,18.5 MB,661574788c32ff819985aff510822d0488097acb7de22bce60609a76b46ea4c6,matches published SHA-256
delay_var_d30_j25_24h.pcap,02,https://www.activecountermeasures.com/malware-of-the-day-understanding-c2-beacons-part-2-of-2/,https://acm-motd.s3.amazonaws.com/delay_var_d30_j25_24h.pcap,2158.6 MB,ad2325087f3b55ee4ba23592b76d1b179505ff8bc08f7e0f52ad44ab5f47d2bd,matches published SHA-256
dnscat2_dns_tunneling_1hr.pcap,01,https://www.activecountermeasures.com/malware-of-the-day-dnscat2-dns-tunneling/,https://www.dropbox.com/s/j5le068uz8n69wk/dnscat2_dns_tunneling_1hr.pcap?dl=1,2.3 MB,b1056baaa15c441aa9fadd23885818db069f3cc5b560dc4f8a184d3494f3d3bd,no checksum published
dnscat2_dns_tunneling_24hr.pcap,01,https://www.activecountermeasures.com/malware-of-the-day-dnscat2-dns-tunneling/,https://www.dropbox.com/s/4r9mcn792dbzonf/dnscat2_dns_tunneling_24hr.pcap?dl=1,82.6 MB,dc8c0134830076e010479c3f59a6ae0a6bcf3ddd6bd7f5d8c91879e0e0b9c2d5,no checksum published
jit_var_d30_j0_1h.pcap,02,https://www.activecountermeasures.com/malware-of-the-day-understanding-c2-beacons-part-2-of-2/,https://acm-motd.s3.amazonaws.com/jit_var_d30_j0_1h.pcap,5.7 MB,822a579f85d5fbb3e800e3b611beb7a4bf03d28691bf30a65ac629ae2bd4456a,matches published SHA-256
jit_var_d30_j0_24h.pcap,02,https://www.activecountermeasures.com/malware-of-the-day-understanding-c2-beacons-part-2-of-2/,https://acm-motd.s3.amazonaws.com/jit_var_d30_j0_24h.pcap,478.1 MB,dfc64b43015eb95cd4d46c31a2955af8a879222fc1e64fcdbd013834fd9f5e1d,matches published SHA-256
jit_var_d30_j10_1h.pcap,02,https://www.activecountermeasures.com/malware-of-the-day-understanding-c2-beacons-part-2-of-2/,https://acm-motd.s3.amazonaws.com/jit_var_d30_j10_1h.pcap,5.9 MB,ed45ddd8e53021665f0616aaede3b92913bb152cceeec30e7897fdd202a22aad,matches published SHA-256
jit_var_d30_j10_24h.pcap,02,https://www.activecountermeasures.com/malware-of-the-day-understanding-c2-beacons-part-2-of-2/,https://acm-motd.s3.amazonaws.com/jit_var_d30_j10_24h.pcap,336.7 MB,e814fc169dd9f4e300dd63d38d1a08acdd33ee981406647880c29ab87855a74b,matches published SHA-256
jit_var_d30_j99_1h.pcap,02,https://www.activecountermeasures.com/malware-of-the-day-understanding-c2-beacons-part-2-of-2/,https://acm-motd.s3.amazonaws.com/jit_var_d30_j99_1h.pcap,6.7 MB,1d754f369490eb943e9f1a9663aa1a09db8ed3cec80db39e687d2f96e315c155,matches published SHA-256
jit_var_d30_j99_24h.pcap,02,https://www.activecountermeasures.com/malware-of-the-day-understanding-c2-beacons-part-2-of-2/,https://acm-motd.s3.amazonaws.com/jit_var_d30_j99_24h.pcap,184.2 MB,931d4cea7c6ceb40d17caec9a3385eceaedd6ff2cc402dc447e771ded4ef8928,matches published SHA-256
random_d30_j0_1h.pcap,02,https://www.activecountermeasures.com/malware-of-the-day-understanding-c2-beacons-part-2-of-2/,https://acm-motd.s3.amazonaws.com/random_d30_j0_1h.pcap,7.3 MB,fc31e3ea6e3b322f57c8d3abeeef4b7510e151e87a7d875057409915a12511a2,matches published SHA-256
random_d30_j0_24h.pcap,02,https://www.activecountermeasures.com/malware-of-the-day-understanding-c2-beacons-part-2-of-2/,https://acm-motd.s3.amazonaws.com/random_d30_j0_24h.pcap,288.6 MB,595536a1ab81ba5868514483526307b333d73eb09a1e5d95825122ebdcfac724,matches published SHA-256
random_d30_j25_1h.pcap,02,https://www.activecountermeasures.com/malware-of-the-day-understanding-c2-beacons-part-2-of-2/,https://acm-motd.s3.amazonaws.com/random_d30_j25_1h.pcap,12 MB,6e5c5758b24c0e6f4fb9d8ea0eeb14f470663d2d7ebfeb0207d1ef7167edc975,matches published SHA-256
random_d30_j25_24h.pcap,02,https://www.activecountermeasures.com/malware-of-the-day-understanding-c2-beacons-part-2-of-2/,https://acm-motd.s3.amazonaws.com/random_d30_j25_24h.pcap,294.7 MB,993b97fdbeaac6b44dacba0b57cc7ebe0cc0328aa44f6326d7d5591e01d73304,matches published SHA-256
round_rob_r2_d30_j25_1h.pcap,02,https://www.activecountermeasures.com/malware-of-the-day-understanding-c2-beacons-part-2-of-2/,https://acm-motd.s3.amazonaws.com/round_rob_r2_d30_j25_1h.pcap,5.7 MB,a51d536d4da2acafe4e18c702d2d7488030178b1b7abe2ab7821276830fe1c6c,matches published SHA-256
round_rob_r2_d30_j25_24h.pcap,02,https://www.activecountermeasures.com/malware-of-the-day-understanding-c2-beacons-part-2-of-2/,https://acm-motd.s3.amazonaws.com/round_rob_r2_d30_j25_24h.pcap,617.4 MB,1a9bcff3fd85b5228046cf86aaa11628f164ffc2265a05a69b128beea414a773,published checksum truncated to 61 characters; matches as prefix
delay_var_d10_j25_zeek_logs.zip,"01, 02",https://www.activecountermeasures.com/malware-of-the-day-understanding-c2-beacons-part-2-of-2/,https://acm-motd.s3.amazonaws.com/delay_var_d10_j25_zeek_logs.zip,5.09 MB,a99d7688065e65c801e1643de36b991b25822e34556913db019298bb4ef98ef7,matches published SHA-256
delay_var_d30_j25_zeek_logs.zip,"01, 02",https://www.activecountermeasures.com/malware-of-the-day-understanding-c2-beacons-part-2-of-2/,https://acm-motd.s3.amazonaws.com/delay_var_d30_j25_zeek_logs.zip,4.86 MB,3a68c1bffa3b840e4a8c73482e60f5ed519087c7e68fdeaa5cc54f0e073091b5,matches published SHA-256
delay_var_d300_j25_zeek_logs.zip,"01, 02",https://www.activecountermeasures.com/malware-of-the-day-understanding-c2-beacons-part-2-of-2/,https://acm-motd.s3.amazonaws.com/delay_var_d300_j25_zeek_logs.zip,3.73 MB,88bac80fa9b8f3d8252d97221ee71f651428c67d106d5f4e6a5a6339db240110,matches published SHA-256
jit_var_d30_j0_zeek_logs.zip,"01, 02",https://www.activecountermeasures.com/malware-of-the-day-understanding-c2-beacons-part-2-of-2/,https://acm-motd.s3.amazonaws.com/jit_var_d30_j0_zeek_logs.zip,8.48 MB,16d379ba4cdd3af5fa5efed6019dc0c17db9701aaf2a7c44c84f9a1b5ccb6b3f,matches published SHA-256
jit_var_d30_j10_zeek_logs.zip,"01, 02",https://www.activecountermeasures.com/malware-of-the-day-understanding-c2-beacons-part-2-of-2/,https://acm-motd.s3.amazonaws.com/jit_var_d30_j10_zeek_logs.zip,3.91 MB,624128047fb89a91ed9af4c89d8246c087257887285e9104b96ded013c15c2cd,matches published SHA-256
jit_var_d30_j99_zeek_logs.zip,"01, 02",https://www.activecountermeasures.com/malware-of-the-day-understanding-c2-beacons-part-2-of-2/,https://acm-motd.s3.amazonaws.com/jit_var_d30_j99_zeek_logs.zip,4.49 MB,d0787aee3c4d88ef429db2ca96553187e597bdf524b2277470b2abcb2c80bd71,matches published SHA-256
random_d30_j0_zeek_logs.zip,"01, 02",https://www.activecountermeasures.com/malware-of-the-day-understanding-c2-beacons-part-2-of-2/,https://acm-motd.s3.amazonaws.com/random_d30_j0_zeek_logs.zip,4.34 MB,fba9d5c476fdb1db2e80222d700ee0a077d24335e1bc0f8b593b9e5f10980852,matches published SHA-256
random_d30_j25_zeek_logs.zip,"01, 02",https://www.activecountermeasures.com/malware-of-the-day-understanding-c2-beacons-part-2-of-2/,https://acm-motd.s3.amazonaws.com/random_d30_j25_zeek_logs.zip,4.39 MB,ecd5d77903025cfe840c6d31e150f510ee142de97ae65c219b528612be7ffc1d,matches published SHA-256
round_rob_d30_j25_zeek_logs.zip,"01, 02",https://www.activecountermeasures.com/malware-of-the-day-understanding-c2-beacons-part-2-of-2/,https://acm-motd.s3.amazonaws.com/round_rob_d30_j25_zeek_logs.zip,4.43 MB,78288f66f401f02f2e9553dcf602a04d8c89b3364d71058c44b17d523721092b,matches published SHA-256
